name,address,postal_code,city,phone,website,email
Kastenbus Klaiber E.K.,Brückenstraße 13,56220,Urmitz/Rhein,0049 2630 9651999,https://kastenbus.de/,post@kastenbus.de
Autohaus Büsgen GmbH,"Nordstraße 19,",58332,Schwelm,0049 2336 47910,https://www.buesgen.de/,info@buesgen.de
Sachsen Caravan GmbH e.H.,Fichtestraße 1,4720,Döbeln,0049 3431 602828,https://www.sachsencaravan.de/,info@sachsencaravan.de
Dümo Reisemobile E.K.,Graskamp 15,48249,Dülmen-Hiddingsel,0049 2590 943600,https://www.duemo-duelmen.de/,info@duemo-duelmen.de
Wolters Nutzfahrzeuge,Kastellstraße 40-42,47546,Kalkar,0049 2824 923421,www.wolters-nutzfahrzeuge.de,info@wolters-nutzfahrzeuge.de
ABZ Nutzfahrzeuge GmbH,Großbockaer Straße 1,7589,Münchenbernsdorf,0049 36604 898 0,www.abz-nutzfahrzeuge.de,info@abz-nutzfahrzeuge.de
Raudzus Nutzfahrzeug GmbH,Bredstedterstraße 6,25813,Husum,0049 4841 8989 13,www.raudzus.de,info@raudzus.de
Autohaus Weinböhla e.K.,Köhlerstraße 18,1689,Weinböhla,0049 35243 3500,www.ah-weinboehla.de,mail@autohaus-weinboehla.de
Autohaus Wald GmbH & Co. KG,Eywiesenstr. 5,88212,Ravensburg,0049 751 888910,www.autohaus-wald.com,jochen.beck@autohaus-wald.com
BECKER france mobile GmbH & Co. KG,Lessingstraße 2a,46149,Oberhausen,0049 208 3763720,www.becker-france-mobile.de,s.grunert@bfm-ob.de
Autohaus d155 GmbH,Davenstedter Straße 155,30453,Hannover,0049 511 2110660,www.d155.de,info@d155.de
Autohaus Deckert GmbH,Entenmühlstraße 70,66424,Homburg,0049 6841 972910,www.peugeot-deckert.de,info@autohaus-deckert.com
Autohaus Frensch GmbH,Friedrich-Pfeiffer-Straße 1,56459,Langenhahn,0049 2663 97010,www.citroen-haendler.de/frensch-langenhahn,info@autohaus-frensch.de
Autohaus Fröhlich,Gustav-Adolf-Straße 135,90441,Nürnberg,0049 911 954080,www.autohaus-froehlich.de,info@autohaus-froehlich.de
Autohaus Harald Friedrich GmbH,Bülte 3,37603,Holzminden,0049 5531 7820,www.citroen-haendler.de/friedrich-holzminden,info@citroen-friedrich.de
Fischer Kraftfahrzeuge GmbH,Gewerbestraße 15,67251,Freinsheim,0049 6353 9350 0,www.citroenfischer.de,info@citroenfischer.de
Autohaus Fischer GmbH,Werkstraße 8,93326,Abensberg,0049 9443 91380,www.citroen-haendler.de/fischer-abensberg,info@fischer-abensberg.de
Glinicke Automobiles GmbH & Co. KG,Leipziger Straße 156,34123,Kassel,0049 561 951230,www.glinicke.de,peugeot-kassel@glinicke.de
Autohaus Hennersdorf e.K.,Alte Löbauer Straße 2,2627,Kubschütz,0049 3591 671430,www.autohaus-hennersdorf.de,info@autohaus-hennersdorf.de
Herbrand-Jansen Mönchengladbach GmbH,Krefelder Straße 365,41066,Mönchengladbach,0049 2161 69499 0,https://www.herbrand-jansen.de/,info@autohaus-jansen.de
Herbrand-Jansen Neuss GmbH,Hammer Landstraße 41-43,41460,Neuss,0049 2131 12480,https://www.herbrand-jansen.de/,info@herbrand-jansen.de
Herbrand-Jansen Grevenbroich GmbH,Rudolf-Diesel-Straße 19,41516,Grevenbroich,0049 2181 4759878,https://www.herbrand-jansen.de/,info@herbrand-jansen.de
Autohaus Kelch GmbH & Co. KG,Babimost-Ring 2,16816,Neuruppin,0049 3391 652915,www.autohaus-kelch.de,info@autohaus-kelch.de
Autohaus am Kuglhof GmbH,Färberstraße 6,85276,Pfaffenhofen,0049 8441 8500,www.autohaus-kuglhof.de,info@autohaus-kuglhof.de
Autohaus Gerhard Kockjoy GmbH,Potsdamer Straße 51-52,14469,Potsdam,0049 331 54971721,www.citroen-haendler.de/kockjoy-potsdam,info@autohaus-kockjoy.de
Löwen-Automobile Waldeck Frankenberg GmbH & Co. KG,Schloßstraße 18,34549,Edertal,0049 5623 949827,haendler.peugeot.de/loewen-automobile-waldeck-frankenberg-edertal,info@loewen-auto-mobile.de
Autohaus Markötter GmbH,Füllenbruchstraße 1-5,32051,Herford,0049 5221 1022 95 0,www.markoetter.de,post@markoetter.de
Autohaus Müller GmbH,Ingolstädter Str. 86,92318,Neumarkt,0049 9181 26880,www.peugeot-autohaus-mueller-neumarkt.de,info@peugeotmueller.de
Autozentrum Peter GmbH,Pulverhausweg 2,99734,Nordhausen,0049 3631 43480,www.autohauspeter.de,info@petergroup.de
Autohaus Prinz GmbH,Erzberger Straße 21,88239,Wangen im Allgäu,0049 7522 97990,http://www.citroen-haendler.de/prinz-wangen,info@prinz-autohaus.de
Radecki GmbH,Hauptstraße 58,51465,Bergisch Gladbach,0049 2202 1885 0,www.citroen-haendler.de/radecki-bergischgladbach,info@autohaus-radecki.de
Autohaus Ramseger,Siegener Straße 81,57636,Mammelzen,0049 2681 70070,www.citroen-haendler.de/ramseger-mammelzen,info@citroen-ramseger.de
Autohaus Roth KG,Scheerbünd 1,77654,Offenburg,0049 781 919270,www.peugeot-autohaus-roth-offenburg.de,info@peugeot-roth.de
Klaus Schreier Gmbh,Am Taubenbaum 18,61231,Bad Nauheim,0049 6032 9688 0,www.autopark-schreier.de,info@autopark-schreier.de
Autohaus Tauscher GmbH & Co. KG,Am Anger 20,87538,Fischen,0049 8326 279,www.autohaus-tauscher.de,info@autohaus-tauscher.de
Trend Automobile GmbH & Co. KG,Am Wunderbau 7,42103,Wuppertal,0049 202 317560,www.peugeot-trend-automobile-wuppertal.de,info@peugeotpartner-trend.de
Autohaus Weberpals GmbH,Cortendorfer Straße 92,96450,Coburg,0049 9561 239390,www.peugeot-automobile-weberpals-coburg.de,automobileweberpals@t-online.de
Autohaus Wülpern GmbH,Landstraße 8,21698,Bargstedt,0049 4164 800200,www.citroen-haendler.de/wuelpern-bargstedt,info@wuelpern.de
Autohaus Sturm GmbH & Co. KG,Fernsehturmstraße 7,1328,Dresden-Pappritz,0049 351 3141660,www.haendler.peugeot.de/sturm-dresden,service@autohaussturm.de
Autohaus Hans Panzer GmbH,Siegsdorferstraße 15,83278,Traunstein,0049 861 1662110,www.peugeot-autohaus-hans-panzer-traunstein.de,dieter.panzer@peugeot-panzer.de
Autohaus Stradinger GmbH,Blaufeldener Straße 37,74572,Blaufelden,0049 7953 98550,www.haendler.peugeot.de/stradinger-blaufelden-wiesenbach,stradinger@t-online.de
Autohaus Günter Schleich,Engerser Landstr. 113,56564,Neuwied,0049 2631 22193,www.citroen-haendler.de/schleich-neuwied,rschleich@autohaus-schleich.de
Autohaus Bernd Leonhardt GmbH & Co. KG,Hauptstraße 7,8321,Zschorlau,0049 37752 2456,www.peugeot-leonhardt.de,info@peugeot-leonhardt.de
Autohaus Vehrs GmbH,Büchener Weg 123 T,21481,Lauenburg/Elbe,0049 4153 58300,www.autohaus-vehrs.de,info@autohaus-vehrs.de
ASC Auto-Service-Center Dessau GmbH,Stadtweg 61,6849,Dessau-Roßlau,0049 3408 7180,www.adc-dessau.de,info@asc-dessau.de
Autohaus Wild GmbH,Buchener Str. 41,74731,Walldürn,0049 6282 1200,www.auto-wild.de,info@auto-wild.de
Autohaus Michael Czech,Hansererweg 7 1/2,83471,Berchtesgaden,0049 8652 2256,haendler.peugeot.de/michael-czech-berchtesgaden,info@auto-czech.de
Aurego GmbH,Steinbecker Meile 1,42103,Wuppertal,0049 202 89000 0,www.aurego.de,info@aurego.de
Ludwig Griesbeck Kraftfahrzeuge GmbH & Co. KG,Badstraße 1,93413,Cham,0049 9971 85600,haendler.peugeot.de/ludwig-griesbeck-kraftfahrzeuge-cham,info@griesbeck-automobile.de
Kastenwagen-Boot-Service Michael Keidel,St.-Ulrichs-Weg 19,82131,Gauting,0049 89 89398109,www.kastenwagen-boot.de,service@kastenwagen-boot.de
Tranutec Vertriebs GmbH,Hans Böckler Straße 1,93142,Maxhütte-Haidhof,0049 9471 602863,www.tranutec.de,info@tranutec.de
Autohaus Gebhardt & Co. Fahrzeuge GmbH,Friedenstrasse 8,93051,Regensburg,0049 941 92019 0,http://www.autogebhardt.de/,info@autohaus-gebhardt.de
Autohaus Dannhäuser GmbH,Am Schmausenbruck 20,91217,Hersbruck,0049 9151 86440,www.auto-dannhaeuser.de,info@auto-dannhaeuser.de
Getriebe DOC,Wallnsdorf E10,92334,Berching,0049 8462 8594023,www.getriebe-doc.de,info@getriebe-doc.de
Firma Lutz Buschmann,Neue Mehrower Straße 25,15366,Hoppegarten / OT Hönow,0049 3342 421396,http://www.tremp-caravanland.de,werkstatt@tremp-caravanland.de
Autohaus Milzetti GmbH,Mainzer Straße 46,63303,Dreieich,0049 6074 805744407,www.autohausmilzetti.de,info@autohausmilzetti.de
Autohaus Gröbel GmbH,Wilsdruffer Straße 106,1705,Freital,0049 351 658000,www.autohausgroebel.de,info@autohaus-groebel.de
Weinis Garage,In den Lichsen 2,73326,Deggingen,0049 7334 9249013,www.facebook.com/weinis.garage/,weinis-garage@t-online.de
Fricke Nutzfahrzeuge GmbH,Zum Kreuzkamp 9,27404,Heeslingen,0049 4281 7120,www.fricke-nutzfahrzeuge.de,info@fricke.de
Fricke Nutzfahrzeuge GmbH,Seeborg 11,27572,Bremerhaven,0049 471 944790,www.fricke-nutzfahrzeuge.de,info@fricke.de
Autohaus Koschitzky GmbH,An der B 80,6313,Wimmelburg,0049 3475 6301 0,http://www.citroen-haendler.de/koschitzky-wimmelburg,info@citko.de
Autohaus Zander,Vorwaldstrasse 1a,94575,Windorf,0049 8546 973190,www.citroen-zander.de,info@autohaus-zander.de
Autohaus Maier-Kucera GmbH,Hacher Straße 1,79379,Müllheim,0049 7631 12005,http://www.citroen-haendler.de/maierkucera-muellheim,info@maier-kucera.de
Peugeot Autohaus Stumpf e.K.,Dorfstraße 16,87675,Rettenbach,0049 8860 8250,http://www.peugeot-stumpf.de,info@peugeot-stumpf.de
Reusaer Autohaus e.K.,Gut Reusa 5,8529,Plauen,0049 3741 719460,www.autohaus-reusa.de,info@autohaus-reusa.de
Autohaus Berkemeier GmbH,Rösnerstraße 1,48155,Münster,0049 251 978210,www-auto-berkemeier.de,info@opel-muenster.de
Wohnmobilarena GmbH & Co. KG,Hauptstraße 18-20,25704,Bargenstedt,0049 4832 601280,www.wohnmobilarena.de,info@wohnmobilarena.de
Luisenburg Garage GmbH,Jean-Paul-Straße 1,95615,Marktredwitz,0049 9231 999999,www.luisen.de,info@luisen.de
Autohaus Stanglmair GmbH & Co. Betriebs-KG,Straßäcker 10,82418,Murnau,0049 8841 61620,www.opel-stanglmair-murnau.de,info@opel-stanglmair.de
Autohaus Barbarossa GmbH,Sangerhäuser Straße 12b,6556,Artern,0049 3466 32520,www.opel-barbarossa-artern.de,info@autohaus-barbarossa.de
Autohaus Gebrüder Müller GmbH,Am Tannenkopp 1,18195,Tessin,0049 38205 7010,www.gebr-mueller.de,autohaus@gebr-mueller.de
Motorkraft GmbH,Schnitterwiese 1,19055,Schwerin,0049 385 593000,www.motorkraft.de,opel@motorkraft.de
Autohaus Schechter GmbH & Co. KG,Eckstraße 12,66976,Rodalben-Neuhof,0049 6331 232812,www.opel-schechter-pirmasens.de,info@schechter24.de
Opel BrinkmannOsterloh GmbH,Rösterweg 3,17153,Stavenhagen,0049 3995 437300,www.opel-brinkmannosterloh-stavenhagen.de,opel@brinkmannosterloh.de
Zimpel & Franke GmbH,Reichenbacher Straße 119,8056,Zwickau,0049 375 2717790,www.opel-zimpel-franke-zwickau.de,opel-zwickau@zimpelundfranke.de
Autohaus Mahler GmbH,Weibert-Mahler-Straße 1,78120,Furtwangen,0049 7723 9320 0,www.autohaus-mahler.de,info@autohaus-mahler.de
Autogalerie Köhler GmbH - Siegen,Tiergartenstraße 86,57072,Siegen,0049 271 230950,www.peugeotpartner-koehler.de,info@peugeotpartner-koehler.de
Auto Jacob GmbH,Darmstädter Straße 83,65428,Rüsselsheim,0049 6142 609126,www.auto-jacob.de,info@auto-jacob.de
Autohaus Goldbach GmbH,Trelleborger Straße 14,18107,Rostock,0049 381 776880,www.goldbach24.de,fiatgoldbach@t-online.de
Autohaus Dresden GmbH,Bremerstraße 18a,1067,Dresden,0049 351 863030,www.opel-dresden-bremer.de,info@autohaus-dresden.de
Autohaus BHS Handels-u. Betriebs GmbH Zwickau,Am Kreuzberg 40,080664,Zwickau,00 49 375 589140,www.autohaus-bhs.de,info©autohaus-bhs.de
